brand,price,processor,Ram,ROM,display_size,OS
HP,49900,5th Gen AMD Ryzen 5 5600H,8.0,512.0,15.6,Windows 11 OS
HP,39900,12th Gen Intel Core i3 1215U,8.0,512.0,15.6,Windows 11 OS
Acer,26990,11th Gen Intel Core i3 1115G4,8.0,512.0,14.0,Windows 11 OS
Lenovo,59729,12th Gen Intel Core i5 1240P,16.0,512.0,14.0,Windows 11 OS
Apple,69990,Apple M1,8.0,256.0,13.3,Mac OS
Acer,39990,12th Gen Intel Core i5 1240P,8.0,512.0,14.0,Windows 11 OS
Dell,36790,12th Gen Intel Core i3 1215U,8.0,512.0,15.6,Windows 11 OS
Acer,76990,13th Gen Intel Core i5 13420H,16.0,512.0,15.6,Windows 11 OS
Asus,48990,12th Gen Intel Core i5 12500H,8.0,512.0,15.6,Windows 11 OS
Samsung,74990,12th Gen Intel Core i5 1240P,16.0,512.0,13.3,Windows 11 OS
Lenovo,49990,12th Gen Intel Core i7 1255U,16.0,512.0,15.6,Windows 11 OS
Ultimus,10990,Intel Celeron  N4020,4.0,128.0,14.1,Windows 11 OS
Asus,72990,12th Gen Intel Core i5 12500H,16.0,512.0,15.6,Windows 11 OS
Primebook,10990,MediaTek MTK8788,4.0,64.0,11.6,Android 11 OS
Lenovo,29990,7th Gen AMD Ryzen 3 7320U,8.0,512.0,15.6,Windows 11 OS
Asus,53649,11th Gen Intel Core i5 11400H ,8.0,512.0,15.6,Windows 11 OS
MSI,33990,11th Gen Intel Core i3 1115G4,8.0,512.0,14.0,Windows 11 OS
Infinix,79990,13th Gen Intel Core i9 13900H,32.0,1024.0,15.6,Windows 11 OS
HP,68990,12th Gen Intel Core i5 12450H,16.0,512.0,15.6,Windows 11 OS
Lenovo,45990,11th Gen Intel Core i5 11300H,8.0,512.0,15.6,Windows 11 OS
Asus,49900,5th Gen AMD Ryzen 5 5600H,8.0,512.0,16.0,Windows 11 OS
Apple,104990,Apple M2,8.0,256.0,13.6,Mac OS
Acer,54990,12th Gen Intel Core i5 12450H,16.0,512.0,15.6,Windows 11 OS
HP,49580,11th Gen Intel Core i5 1135G7 ,16.0,512.0,15.6,Windows 11 OS
Asus,55990,5th Gen AMD Ryzen 7  5800H,16.0,512.0,16.0,Windows 11 OS
HP,43990,5th Gen AMD Ryzen 5 5500U,16.0,512.0,15.6,Windows 11 OS
HP,19850,3rd Gen AMD Athlon 3050U,4.0,256.0,15.6,DOS OS
Acer,28990,Intel Core i3 N305,8.0,512.0,15.6,Windows 11 OS
Acer,54999,12th Gen Intel Core i5 1240P,16.0,512.0,15.6,Windows 11 OS
Dell,70990,13th Gen Intel Core i7 1355U,16.0,512.0,15.6,Windows 11 OS
Lenovo,56889,6th Gen AMD Ryzen 5 6600H,8.0,512.0,15.6,Windows 11 OS
Acer,179880,13th Gen Intel Core i9 13900HX,16.0,1024.0,16.0,Windows 11 OS
HP,53790,5th Gen AMD Ryzen 5 5600H,16.0,512.0,15.6,Windows 11 OS
Acer,37990,5th Gen AMD Ryzen 5 5500U,16.0,512.0,15.6,Windows 11 OS
Acer,96990,12th Gen Intel Core i7 12650H,16.0,1024.0,15.6,Windows 11 OS
HP,71990,13th Gen Intel Core i5 1340P,16.0,512.0,15.6,Windows 11 OS
HP,59990,11th Gen Intel Core i5 11400H ,16.0,512.0,16.1,Windows 11 OS
Lenovo,62990,12th Gen Intel Core i5 12450H,16.0,1024.0,14.0,Windows 11 OS
Infinix,30990,12th Gen Intel Core i3 1215U,8.0,512.0,14.0,Windows 11 OS
Lenovo,74990,12th Gen Intel Core i5 12450H,16.0,512.0,15.6,Windows 11 OS
HP,36490,11th Gen Intel Core i3 1115G4,8.0,512.0,15.6,Windows 11 OS
Dell,77990,12th Gen Intel Core i5 12500H,16.0,1024.0,15.6,Windows 11 OS
Samsung,54990,12th Gen Intel Core i5 1235U ,16.0,512.0,15.6,Windows 11 OS
Lenovo,41190,12th Gen Intel Core i3 1215U,8.0,256.0,15.6,Windows 11 OS
Asus,89990,13th Gen Intel Core i5 13450HX,16.0,512.0,16.0,Windows 11 OS
Lenovo,399999,13th Gen Intel Core i9 13980HX,32.0,1024.0,16.0,Windows 11 OS
Wings,31990,11th Gen Intel Core i5 1135G7,8.0,512.0,15.6,Windows 11 OS
Dell,31490,5th Gen AMD Ryzen 3 5300U,8.0,512.0,15.6,Windows 11 OS
HP,70590,12th Gen Intel Core i5 12450H,16.0,512.0,15.6,Windows 11 OS
Asus,104990,12th Gen Intel Core i7 12700H,16.0,512.0,15.6,Windows 11 OS
Lenovo,23990,Intel Celeron  N4020,8.0,256.0,15.6,Windows 11 OS
HP,37999,5th Gen AMD Ryzen 5 5625U,8.0,512.0,15.6,Windows 11 OS
Honor,52990,12th Gen Intel Core i5 12450H,16.0,512.0,14.0,Windows 11 OS
Lenovo,30849,5th Gen AMD Ryzen 3 5300U,8.0,512.0,15.6,Windows 11 OS
HP,58990,12th Gen Intel Core i5 12450H,8.0,512.0,15.6,Windows 11 OS
Zebronics,34990,11th Gen Intel Core i5 1155G7,16.0,512.0,15.6,Windows 11 OS
Lenovo,49990,7th Gen AMD Ryzen 7 7730U,16.0,512.0,16.0,Windows 11 OS
HP,51780,12th Gen Intel Core i5 1235U,8.0,512.0,15.6,Windows 11 OS
Asus,68990,11th Gen Intel Core i7 11800H,16.0,512.0,15.6,Windows 11 OS
Asus,85990,12th Gen Intel Core i7 12700H ,16.0,1024.0,15.6,Windows 11 OS
Lenovo,96990,13th Gen Intel Core i7 13620H,16.0,512.0,15.6,Windows 11 OS
Lenovo,148990,13th Gen Intel Core i9 13900H,32.0,1024.0,16.0,Windows 11 OS
Asus,72990,12th Gen Intel Core i5 12500H,16.0,512.0,17.3,Windows 11 OS
Dell,84490,13th Gen Intel Core i7 1360P,16.0,1024.0,14.0,Windows 11 OS
Asus,60990,12th Gen Intel Core i7 12650H,16.0,512.0,15.6,Windows 11 OS
Infinix,33990,11th Gen Intel Core i5 1155G7,16.0,512.0,14.0,Windows 11 OS
Asus,35990,11th Gen Intel Core i3 1115G4,16.0,512.0,14.0,Windows 11 OS
Acer,60990,12th Gen Intel Core i5 12450H,16.0,512.0,15.6,Windows 11 OS
Xiaomi,43990,12th Gen Intel Core i5 12500H,16.0,512.0,14.0,Windows 11 OS
Asus,62990,12th Gen Intel Core i5 12450H,16.0,512.0,16.0,Windows 11 OS
MSI,65990,11th Gen Intel Core i7 11800H,16.0,1024.0,15.6,Windows 11 OS
Infinix,23990,11th Gen Intel Celeron N5100,8.0,512.0,15.6,Windows 11 OS
Asus,61990,11th Gen Intel Core i5 11400H ,16.0,512.0,15.6,Windows 11 OS
Dell,36990,5th Gen AMD Ryzen 3 5425U,8.0,512.0,15.6,Windows 11 OS
Asus,50970,5th Gen AMD Ryzen 5 5600H,16.0,512.0,16.0,Windows 11 OS
Dell,184999,10th Gen Intel Core i7 10750H,16.0,512.0,15.6,Windows 10 OS
HP,109990,7th Gen AMD Ryzen 7 7840HS,16.0,1024.0,16.1,Windows 11 OS
Zebronics,42990,12th Gen Intel Core i5 1235U,16.0,512.0,15.6,Windows 11 OS
HP,39150,12th Gen Intel Core i3 1215U,8.0,512.0,15.6,Windows 11 OS
Acer,92999,13th Gen Intel Core i5 13500H,16.0,512.0,14.0,Windows 11 OS
HP,80990,7th Gen AMD Ryzen 7 7840HS,16.0,512.0,16.1,Windows 11 OS
HP,55850,7th Gen AMD Ryzen 5 7535HS,8.0,512.0,15.6,Windows 11 OS
Acer,38990,11th Gen Intel Core i5 1135G7,8.0,512.0,15.6,Windows 11 OS
MSI,53990,11th Gen Intel Core i5 11260H,16.0,1024.0,15.6,Windows 11 OS
Infinix,38990,12th Gen Intel Core i5 1235U,16.0,512.0,14.0,Windows 11 OS
HP,139234,7th Gen AMD Ryzen 7 7840HS,16.0,1024.0,16.0,Windows 11 OS
MSI,57990,11th Gen Intel Core i5 11260H,16.0,1024.0,15.6,Windows 11 OS
Lenovo,89999,13th Gen Intel Core i5 13420H,8.0,512.0,15.6,Windows 11 OS
Acer,37990,11th Gen Intel Core i5  1135G7,16.0,512.0,14.0,Windows 11 OS
Asus,30990,11th Gen Intel Core i3 1115G4,8.0,512.0,14.0,Windows 11 OS
Dell,92990,13th Gen Intel Core i5 13450HX,16.0,512.0,15.6,Windows 11 OS
HP,42990,12th Gen Intel Core i3 1215U,8.0,512.0,15.6,Windows 11 OS
Asus,59089,11th Gen Intel Core i5 11400H ,16.0,512.0,15.6,Windows 11 OS
HP,72999,12th Gen Intel Core i5 12450H,16.0,512.0,15.6,Windows 11 OS
HP,126742,6th Gen AMD Ryzen 7  6800H,16.0,1024.0,16.1,Windows 11 OS
Apple,126990,Apple M2,8.0,256.0,15.3,Mac OS
Samsung,49990,12th Gen Intel Core i5 1235U,8.0,512.0,15.6,Windows 11 OS
Dell,74390,12th Gen Intel Core i5 1240P,16.0,512.0,14.0,Windows 11 OS
Dell,52990,12th Gen Intel Core i5 1235U,8.0,512.0,15.6,Windows 11 OS
Lenovo,60990,11th Gen Intel Core i5 11300H,8.0,512.0,15.6,Windows 11 OS
HP,98174,6th Gen AMD Ryzen 7  6800H,16.0,512.0,16.1,Windows 11 OS
Lenovo,18990,AMD Athlon Pro 3045B,8.0,256.0,14.0,Windows 11 OS
Asus,38990,11th Gen Intel Core i5 1135G7,8.0,512.0,15.6,Windows 11 OS
HP,41950,5th Gen AMD Ryzen 5  5500U,8.0,512.0,14.0,Windows 11 OS
Xiaomi,46990,11th Gen Intel Core i5 11300H ,16.0,512.0,15.6,Windows 10  OS
iBall,9999,Intel Atom Quad Core Z3735F,2.0,32.0,11.6,Windows 10 OS
Asus,40990,12th Gen Intel Core i3 1220P,8.0,512.0,15.6,Windows 11 OS
Lenovo,74990,6th Gen AMD Ryzen 7 6800H,8.0,512.0,15.6,Windows 11 OS
Zebronics,33990,12th Gen Intel Core i3 1215U,8.0,512.0,15.6,Windows 11 OS
Zebronics,39990,12th Gen Intel Core i5 1235U,8.0,512.0,15.6,Windows 11 OS
Asus,10990,Intel Celeron  N4020,4.0,32.0,11.6,Chrome OS
MSI,88990,13th Gen Intel Core i5 13500H,32.0,1024.0,15.6,Windows 11 OS
HP,54990,12th Gen Intel Core i5 1235U,8.0,512.0,15.6,Windows 11 OS
Lenovo,49990,7th Gen AMD Ryzen 7 7730U,8.0,512.0,15.6,Windows 11 OS
Asus,80739,13th Gen Intel Core i9 13900H,16.0,512.0,16.0,Windows 11 OS
Lenovo,62990,12th Gen Intel Core i7 1255U,16.0,512.0,15.6,Windows 11 OS
HP,62990,12th Gen Intel Core i5 12450H,8.0,512.0,15.6,Windows 11 OS
HP,69501,7th Gen Amd Ryzen 5 7535HS,16.0,512.0,15.6,Windows 11 OS
Lenovo,59990,12th Gen Intel Core i5 12450H,16.0,512.0,14.0,Windows 11 OS
HP,54990,7th Gen Amd Ryzen 5 7535HS,8.0,512.0,15.6,Windows 11 OS
Lenovo,64990,12th Gen Intel Core i5 12450H,16.0,512.0,15.6,Windows 11 OS
MSI,37729,12th Gen Intel Core i3 1215U,16.0,512.0,15.6,Windows 11 OS
Lenovo,50712,5th Gen AMD Ryzen 5  5600H,16.0,512.0,15.6,Windows 11 OS
MSI,44990,11th Gen Intel Core i5 1155G7,16.0,512.0,14.0,Windows 11 OS
Chuwi,23990,10th Gen Intel Core i3 1005G1,8.0,512.0,14.0,Windows 11 OS
HP,49990,5th Gen AMD Ryzen 7   5700U,16.0,512.0,15.6,Windows 11 OS
HP,72990,13th Gen Intel Core i5 1340p,16.0,512.0,15.6,Windows 11 OS
Lenovo,52101,11th Gen Intel Core i7 1165G7,16.0,512.0,15.6,Windows 11 OS
Infinix,28990,11th Gen Intel Core i3  1115G4,8.0,512.0,14.0,Windows 11 OS
HP,69490,12th Gen Intel Core i7 1255U,16.0,512.0,15.6,Windows 11 OS
Acer,39965,13th Gen Intel Core i3 1315U,8.0,512.0,15.6,Windows 11 OS
Acer,54990,13th Gen Intel Core i5 1335U,16.0,512.0,14.0,Windows 11 OS
Asus,46999,12th Gen Intel Core i5 1235U,8.0,512.0,15.6,Windows 11 OS
Asus,83990,13th Gen Intel Core i5 13500H,16.0,512.0,15.6,Windows 11 OS
HP,51499,5th Gen AMD Ryzen 5  5600H ,8.0,512.0,15.6,Windows 11 OS
Dell,50990,5th Gen AMD Ryzen 5 5625U,16.0,512.0,14.0,Windows 11 OS
HP,23990,Intel Celeron  N4500,4.0,128.0,15.6,Chrome OS
Acer,27990,7th Gen AMD Ryzen 3 7320U,8.0,512.0,15.6,Windows 11 OS
HP,79990,13th Gen Intel Core i5 1335U,16.0,1024.0,14.0,Windows 11 OS
Samsung,84390,13th Gen Intel Core i7 1355U,16.0,512.0,15.6,Windows 11 OS
Infinix,24990,10th Gen Intel Core i3 1005G1,8.0,256.0,15.6,Windows 11 OS
Samsung,281990,13th Gen Intel Core i9 13900H,32.0,1024.0,16.0,Windows 11 OS
Lenovo,26590,AMD Athlon 7120U,8.0,512.0,15.6,Windows 11 OS
Infinix,37990,11th Gen Intel Core i5 1155G7,16.0,1024.0,14.0,Windows 11 OS
Asus,71189,6th Gen AMD Ryzen 7 6800H,16.0,512.0,15.6,Windows 11 OS
HP,85999,7th Gen AMD Ryzen 7 7840HS,16.0,512.0,16.1,Windows 11 OS
Lenovo,93990,7th Gen AMD Ryzen 7 7735U,16.0,1024.0,14.0,Windows 11 OS
Asus,84990,12th Gen Intel Core i5 12500H,16.0,512.0,14.0,Windows 11 OS
Dell,44190,13th Gen Intel Core i3 1305U,8.0,1024.0,15.6,Windows 11 OS
Acer,159990,13th Gen Intel Core i9 13900HX,16.0,1024.0,16.0,Windows 11 OS
HP,52990,5th Gen AMD Ryzen 5 5600H,16.0,512.0,15.6,Windows 11 OS
Acer,39990,11th Gen Intel Core i5 1155G7,8.0,512.0,15.6,Windows 11 OS
Dell,73990,13th Gen Intel Core i5 1335U,16.0,1024.0,14.0,Windows 11 OS
Lenovo,57500,11th Gen Intel Core i5 11320H,16.0,512.0,15.6,Windows 11 OS
Asus,59990,5th Gen AMD Ryzen 5 5600HS,8.0,512.0,15.6,Windows 11 OS
Acer,53990,12th Gen Intel Core i5 12450H,16.0,512.0,15.6,Windows 11 OS
Asus,33990,11th Gen Intel Core i3 1115G4,8.0,512.0,14.0,Windows 11 OS
Dell,75990,13th Gen Intel Core i5 1340P,16.0,512.0,16.0,Windows 11 OS
Apple,144990,Apple M2,8.0,512.0,15.3,Mac OS
Asus,60539,12th Gen Intel Core i5 12500H ,16.0,512.0,15.6,Windows 11 OS
Asus,56990,5th Gen AMD Ryzen 7 5800H,16.0,512.0,15.6,Windows OS
HP,75533,13th Gen Intel Core i5 1340p,16.0,512.0,15.6,Windows 11 OS
Dell,74990,13th Gen Intel Core i5 13450HX,8.0,512.0,15.6,Windows 11 OS
Asus,94990,7th Gen AMD Ryzen 7 7735HS,16.0,512.0,15.6,Windows 11 OS
Asus,179990,13th Gen Intel Core i9 13980HX,16.0,1024.0,16.0,Windows 11 OS
Asus,77990,12th Gen Intel Core i5 12450H,16.0,512.0,16.0,Windows 11 OS
HP,37990,12th Gen Intel Core i3 1215U,8.0,512.0,15.6,Windows 11 OS
HP,62990,13th Gen Intel Core i5 1335U,16.0,512.0,15.6,Windows 11 OS
Acer,129999,13th Gen Intel Core i7 13700HX,16.0,1024.0,16.0,Windows 11 OS
HP,52990,5th Gen AMD Ryzen 5 5625U,8.0,512.0,15.6,Windows 11 OS
Acer,104990,13th Gen Intel Core i7 13700HX,16.0,512.0,16.0,Windows 11 OS
Realme,47999,11th Gen Intel Core i5 11320H,8.0,512.0,14.0,Windows 11 OS
Acer,114499,13th Gen Intel Core i7 13700HX,16.0,1024.0,16.0,Windows 11 OS
HP,49990,12th Gen Intel Core i3 1215U,8.0,512.0,15.6,Windows 11 OS
Asus,39990,12th Gen Intel Core i3 1215U,8.0,512.0,15.6,Windows 11 OS
Acer,68990,7th Gen AMD Ryzen 5 7535HS,16.0,512.0,15.6,Windows 11 OS
Acer,79990,7th Gen AMD Ryzen 7 7735HS,16.0,512.0,15.6,Windows 11 OS
MSI,66490,11th Gen Intel Core i7 11800H,16.0,512.0,15.6,Windows 11 OS
Asus,69990,5th Gen AMD Ryzen 7 5800H,16.0,512.0,14.0,Windows 11 OS
Asus,86490,13th Gen Intel Core i5 13500H,16.0,512.0,15.6,Windows 11 OS
HP,32790,7th Gen AMD Ryzen 3 7320U,8.0,512.0,15.6,Windows 11 OS
Asus,429990,7th Gen AMD Ryzen 9  7945HX ,32.0,2048.0,16.0,Windows 11 OS
Dell,49990,5th Gen AMD Ryzen 5 5625U,16.0,512.0,14.0,Windows 11 OS
MSI,43990,7th Gen AMD Ryzen 5 7530U,16.0,512.0,14.0,Windows 11 OS
MSI,36990,11th Gen Intel Core i5 1155G7,8.0,512.0,14.0,Windows 11 OS
MSI,102990,12th Gen Intel Core i7 12650H,16.0,1024.0,15.6,Windows 11 OS
Acer,29990,Intel Core i3 N305,8.0,256.0,15.6,Windows 11 OS
HP,77889,13th Gen Intel Core i5 1335U,16.0,1024.0,14.0,Windows 11 OS
Samsung,69990,13th Gen Intel Core i5 1335U,8.0,512.0,15.6,Windows 11 OS
Samsung,138990,13th Gen Intel Core i7 1360P,16.0,1024.0,15.6,Windows 11 OS
HP,51990,5th Gen AMD Ryzen 5  5600H ,8.0,512.0,15.6,Windows 11 OS
Samsung,69990,13th Gen Intel Core i5 1340P,8.0,512.0,14.0,Windows 11 OS
Asus,72990,5th Gen AMD Ryzen 5 5600H,16.0,512.0,15.6,Windows 11 OS
Asus,50400,5th Gen AMD Ryzen 5 5600H,16.0,512.0,16.0,Windows 11 OS
Dell,108000,12th Gen Intel Core i5 1235U,8.0,512.0,14.0,Windows 11 OS
Dell,50990,12th Gen Intel Core i5 1235U,8.0,1024.0,15.6,Windows 11 OS
Lenovo,47990,11th Gen Intel Core i5 11300H,8.0,512.0,15.6,Windows 11 OS
HP,91990,6th Gen AMD Ryzen 7  6800H,16.0,512.0,16.1,Windows 11 OS
Acer,25449,3rd Gen AMD Ryzen 3  3250U,8.0,256.0,14.0,Windows 11 OS
Acer,33207,12th Gen Intel Core i3 1215U,8.0,512.0,15.6,Windows 11 OS
HP,52990,12th Gen Intel Core i5 1235U,8.0,512.0,15.6,Windows 11 OS
Dell,42434,5th Gen AMD Ryzen 5 5625U,8.0,512.0,14.0,Windows 11 OS
HP,42200,11th Gen Intel Core i3 1115G4,8.0,1024.0,15.6,Windows 11 OS
HP,41990,5th Gen AMD Ryzen 5  5500U ,16.0,512.0,15.6,Windows 11 OS
Asus,80900,6th Gen AMD Ryzen 7 6800H ,16.0,512.0,15.6,Windows 11 OS
Asus,38990,11th Gen Intel Core i3 1115G4,8.0,512.0,15.6,Windows 11 OS
Apple,135990,Apple M2 Apple M2 Chip,8.0,512.0,13.6,Mac OS
Asus,72490,12th Gen Intel Core i5 12500H,16.0,512.0,15.6,Windows 11 OS
Asus,72490,12th Gen Intel Core i5 12500H,16.0,512.0,14.0,Windows 11 OS
Dell,35990,11th Gen Intel Core i3 1115G4,8.0,512.0,15.56,Windows 11 OS
Xiaomi,45989,11th Gen Intel Core i5 11300H ,8.0,512.0,15.6,Windows 10  OS
Dell,52500,11th Gen Intel Core i5 1135G7 ,8.0,1024.0,15.6,Windows 10 OS
Dell,59999,10th Gen Intel Core i5 10210U ,8.0,512.0,14.0,Ubuntu OS
Apple,112990,Apple M1 Apple M1 Chip,8.0,512.0,13.3,Mac OS
Avita,21990,3rd Gen AMD Ryzen 5  3500U,8.0,512.0,14.0,Windows 10 OS
Apple,201498,9th Gen Intel Core i9,32.0,2048.0,16.0,Mac Catalina OS
HP,64990,12th Gen Intel Core i5 12450H,16.0,1024.0,15.6,Windows 11 OS
Lenovo,68999,12th Gen Intel Core i5 1235U,8.0,512.0,14.0,DOS OS
Lenovo,60990,7th Gen AMD Ryzen 5 7535HS,8.0,512.0,15.6,Windows 11 OS
Dell,40990,12th Gen Intel Core i3 1215U,8.0,512.0,15.6,Windows 11 OS
Lenovo,107690,7th Gen AMD Ryzen 7 7840HS,16.0,512.0,15.6,Windows 11 OS
Lenovo,25490,AMD Athlon Silver 7120U,8.0,512.0,15.6,Windows 11 OS
HP,38999,12th Gen Intel Core i3 1215U,8.0,512.0,15.6,Windows 11 OS
Infinix,59990,10th Gen Intel Core i5 1035G1,8.0,512.0,15.6,Windows 11 OS
HP,60990,12th Gen Intel Core i5 12450H,8.0,512.0,15.6,Windows 11 OS
HP,55500,7th Gen AMD Ryzen 5 7535HS,8.0,512.0,15.6,Windows 11 OS
HP,124999,13th Gen Intel Core i7 13700H,16.0,1024.0,16.0,Windows 11 OS
HP,104990,7th Gen AMD Ryzen 7 7840HS,16.0,1024.0,16.1,Windows 11 OS
MSI,136990,12th Gen Intel Core i7 12650H,16.0,1024.0,15.6,Windows 11 OS
Lenovo,131990,7th Gen AMD Ryzen 7 7840HS,16.0,1024.0,16.0,Windows 11 OS
Lenovo,36490,11th Gen Intel Core i3 1115G4,8.0,512.0,14.0,Windows 11 OS
Asus,188752,7th Gen AMD Ryzen 9  7940HS,16.0,1024.0,13.4,Windows 11 OS
HP,36999,12th Gen Intel Core i3 1215U,8.0,512.0,15.6,Windows 11 OS
Lenovo,92890,13th Gen Intel Core i5 1340P,16.0,1024.0,14.0,Windows 11 OS
Dell,57990,13th Gen Intel Core i3 1315U,8.0,256.0,14.0,Windows 11 OS
HP,51999,12th Gen Intel Core i5 1235U,8.0,512.0,15.6,Windows 11 OS
Lenovo,79990,13th Gen Intel Core i5 13500H,16.0,512.0,14.0,Windows 11 OS
Lenovo,76890,13th Gen Intel Core i5 1335U,16.0,512.0,14.0,Windows 11 OS
Lenovo,37790,5th Gen AMD Ryzen 5  5500U,8.0,512.0,15.6,Windows 11 OS
Acer,17990,Intel Celeron N4500,8.0,128.0,11.6,Windows 11 OS
HP,38990,12th Gen Intel Core i3 1215U,8.0,512.0,15.6,Windows 11 OS
Lenovo,41990,11th Gen Intel Core i5 1155G7,8.0,512.0,15.6,Windows 11 OS
Lenovo,68990,13th Gen Intel Core i5 13420H,16.0,512.0,14.0,Windows 11 OS
HP,69990,12th Gen Intel Core i5 1235U,16.0,1024.0,14.0,Windows 11 OS
Acer,56990,11th Gen Intel Core i7 1165G7,16.0,1024.0,14.0,Windows 11 OS
Asus,89990,6th Gen AMD Ryzen 7  6800H,16.0,1024.0,15.6,Windows 11 OS
MSI,62990,12th Gen Intel Core i5 12450H,16.0,512.0,15.6,Windows 11 OS
Lenovo,37990,12th Gen Intel Core i3 1215U,8.0,512.0,15.6,Windows 11 OS
Lenovo,58990,6th Gen AMD Ryzen 5 6600H,8.0,512.0,15.6,Windows 11 OS
Lenovo,26990,AMD Athlon 7120U,8.0,512.0,15.6,Windows 11 OS
Asus,94990,13th Gen Intel Core i5 13450HX,16.0,1024.0,16.0,Windows 11 OS
Asus,86189,6th Gen AMD Ryzen 7 6800H,16.0,512.0,17.3,Windows 11 OS
Chuwi,37990,12th Gen Intel Core i3 1215U,12.0,512.0,13.5,Windows 11 OS
Lenovo,194990,13th Gen Intel Core i9 13900H,16.0,1024.0,16.0,Windows 11 OS
Lenovo,51990,11th Gen Intel Core i5 11320H,8.0,512.0,15.6,Windows 11 OS
Lenovo,31990,11th Gen Intel Core i3 1115G4,8.0,256.0,15.6,Windows 11 OS
Acer,41990,13th Gen Intel Core i3 1305U,8.0,512.0,15.6,Windows 11 OS
Asus,31990,11th Gen Intel Core i3 1115G4,8.0,256.0,15.6,Windows 11 OS
Asus,51390,12th Gen Intel Core i5 1235U,16.0,512.0,15.6,Windows 11 OS
HP,76900,13th Gen Intel Core i5 1335U,16.0,1024.0,15.6,Windows 11 OS
HP,27890,Intel Celeron N4500,8.0,512.0,15.6,Windows 11 OS
Lenovo,56990,11th Gen Intel Core i7 1165G7,16.0,512.0,15.6,Windows 11 OS
Asus,73990,5th Gen AMD Ryzen 7 5800HS,16.0,1024.0,15.6,Windows 11 OS
HP,24999,3rd Gen AMD Ryzen 3  3250U,8.0,512.0,15.6,DOS 3.0 OS
HP,33999,5th Gen AMD Ryzen 5  5500U,8.0,256.0,15.6,Windows 11  OS
Lenovo,61990,12th Gen Intel Core i5 12450H,16.0,512.0,16.0,Windows 11 OS
HP,47990,5th Gen AMD Ryzen 5  5600H,8.0,512.0,15.6,Windows 11 OS
Asus,53990,11th Gen Intel Core i5 11260H,8.0,512.0,15.6,Windows 11 OS
HP,31890,3rd Gen AMD Ryzen 3  3250U,8.0,512.0,15.6,Windows 11 OS
Asus,62390,5th Gen AMD Ryzen 5  5600H,16.0,512.0,15.6,Windows 11 OS
Wings,49990,11th Gen Intel Core i7 1165G7,16.0,512.0,14.0,Windows 11 OS
Wings,29990,11th Gen Intel Core i3 1125G4,8.0,256.0,15.6,Windows 11 OS
Infinix,49990,12th Gen Intel Core i7 1255U,16.0,512.0,14.0,Windows 11 OS
Dell,43490,13th Gen Intel Core i3 1305U,8.0,512.0,14.0,Windows 11 OS
Dell,95640,13th Gen Intel Core i5 1335U,16.0,1024.0,14.0,Windows 11 OS
HP,125990,7th Gen AMD Ryzen 7 7840HS,16.0,1024.0,16.0,Windows 11 OS
HP,72990,13th Gen Intel Core i5 1335U,16.0,1024.0,15.6,Windows 11 OS
MSI,47990,11th Gen Intel Core i5 11260H,8.0,512.0,15.6,Windows 11 OS
HP,99999,13th Gen Intel Core i5 13500H,16.0,512.0,15.6,Windows 11 OS
Asus,40990,12th Gen Intel Core i3 1215U,8.0,512.0,15.6,Windows 11 OS
Asus,94990,12th Gen Intel Core i7 12700H,16.0,512.0,14.0,Windows 11 OS
Asus,37990,11th Gen intel Core i3 1115G4,8.0,512.0,15.6,Windows 11 OS
Lenovo,73990,12th Gen Intel Core i5 12450H,16.0,512.0,15.6,Windows 11 OS
Lenovo,109990,7th Gen AMD Ryzen 7 7840HS,16.0,512.0,15.6,Windows 11 OS
Acer,65999,12th Gen Intel Core i5 12450H,8.0,512.0,15.6,Windows 11 OS
Acer,35990,5th Gen AMD Ryzen 5 5500U,8.0,512.0,15.6,Windows 11 OS
Asus,37980,12th Gen Intel Core i3 1215U,8.0,512.0,15.6,Windows 11 OS
MSI,40789,11th Gen Intel Core i5 1155G7,16.0,512.0,15.6,Windows 11 OS
Dell,450039,13th Gen Intel Core i9 13980HX,64.0,1024.0,18.0,Windows 11 OS
Asus,89990,12th Gen Intel Core i7 12650H ,16.0,1024.0,14.0,Windows 11 OS
Acer,56990,13th Gen Intel Core i5 1335U,16.0,512.0,15.6,Windows 11 OS
Walker,16990,Intel Celeron  N4020,4.0,128.0,14.1,Windows 11 OS
Acer,54990,12th Gen Intel Core i5 12500H,8.0,512.0,14.0,Windows 11 OS
Dell,67000,13th Gen Intel Core i5 1335U,8.0,1024.0,14.0,Windows 11 OS
Lenovo,34499,7th Gen AMD Ryzen 3 7330U,8.0,512.0,15.6,DOS OS
HP,107763,13th Gen Intel Core i7 13700H,16.0,512.0,14.0,Windows 11 OS
Dell,61490,13th Gen Intel Core i3 1315U,8.0,1024.0,14.0,Windows 11 OS
HP,80490,13th Gen Intel Core i5 1340P,16.0,512.0,14.0,Windows 11 OS
Lenovo,57990,7th Gen AMD Ryzen 5 7535HS,16.0,512.0,15.6,Windows 11 OS
MSI,39990,11th Gen Intel Core i5 1155G7,16.0,512.0,14.0,Windows 11 OS
Lenovo,53990,12th Gen Intel Core i3 1215U,8.0,512.0,14.0,Windows 11 OS
Dell,44500,7th Gen Amd Ryzen 5 7520U,8.0,512.0,15.6,Windows 11 OS
HP,48999,7th Gen AMD Ryzen 5 7520U,16.0,512.0,14.0,Windows 11 OS
HP,116990,13th Gen Intel Core i7 1355U,16.0,1024.0,15.6,Windows 11 OS
Acer,30990,7th Gen AMD Ryzen 3 7320U,8.0,512.0,15.6,Windows 11 OS
Lenovo,33790,7th Gen AMD Ryzen 3 7320U,8.0,512.0,15.6,Windows 11 OS
MSI,51990,11th Gen Intel Core i5 11260H,16.0,512.0,15.6,Windows 11 OS
Asus,45990,12th Gen Intel Core i5 1235U,8.0,512.0,15.6,Windows 11 OS
MSI,51990,11th Gen Intel Core i5 11260H,8.0,512.0,15.6,Windows 11 OS
Lenovo,34099,12th Gen Intel Core i3 1215U,8.0,512.0,15.6,DOS OS
HP,65600,7th Gen AMD Ryzen 7 7730U,16.0,512.0,15.6,Windows 11 OS
Lenovo,27990,7th Gen AMD Ryzen 3 7320U,8.0,512.0,15.6,DOS OS
Lenovo,46990,12th Gen Intel Core i5 1235U,8.0,512.0,14.0,Windows 11 OS
Dell,161590,13th Gen Intel Core i7 13650HX,16.0,1024.0,16.0,Windows 11 OS
Dell,98990,13th Gen Intel Core i7 1355U,16.0,512.0,14.0,Windows 11 OS
Lenovo,172990,13th Gen Intel Core i7 13700H,32.0,1024.0,16.0,Windows 11 OS
Acer,25990,11th Gen Intel Core i3 1115G4,8.0,256.0,14.0,Windows 11 OS
HP,61990,5th Gen AMD Ryzen 5 5600H,16.0,512.0,15.6,Windows 11 OS
Asus,76990,5th Gen AMD Ryzen 7 5800HS,16.0,1024.0,14.0,Windows 11 OS
Dell,126790,13th Gen Intel Core i7 13650HX,16.0,512.0,15.6,Windows 11 OS
Asus,209990,13th Gen Intel Core i9 13900H,16.0,1024.0,13.4,Windows 11 OS
Asus,209990,13th Gen Intel Core i9 13980HX,16.0,1024.0,16.0,Windows 11 OS
Asus,142990,13th Gen Intel Core i7 13650HX,16.0,1024.0,16.0,Windows 11 OS
Asus,156990,13th Gen Intel Core i9 13900H,16.0,1024.0,15.6,Windows 11 OS
Asus,93980,13th Gen Intel Core i5 13500H,16.0,512.0,14.0,Windows 11 OS
Asus,53990,11th Gen Intel Core i5 11400H,8.0,512.0,17.3,Windows 11 OS
HP,51990,12th Gen Intel Core i5 1235U,8.0,512.0,15.6,Windows 11 OS
Asus,35990,11th Gen intel Core i3 1115G4,16.0,512.0,15.6,Windows 11 OS
HP,37990,12th Gen Intel Core i3 1215U,8.0,512.0,15.6,Windows 11 OS
HP,46490,7th Gen AMD Ryzen 5 7520U,16.0,512.0,15.6,Windows 11 OS
HP,90490,13th Gen Intel Core i7 1360P,16.0,1024.0,15.6,Windows 11 OS
HP,55990,5th Gen AMD Ryzen 5  5600H ,8.0,512.0,15.6,Windows 11 OS
Asus,159990,13th Gen Intel Core i9 13900H,16.0,1024.0,16.0,Windows 11 OS
HP,57990,13th Gen Intel Core i5 1335U,8.0,512.0,15.6,Windows 11 OS
Acer,104990,13th Gen Intel Core i7 13700HX,16.0,512.0,16.0,Windows 11 OS
Acer,99990,13th Gen Intel Core i5 13500HX,16.0,512.0,16.0,Windows 11 OS
MSI,80500,12th Gen Intel Core i5 12450H,16.0,512.0,15.6,Windows 11 OS
Dell,37990,5th Gen AMD Ryzen 5 5500U,8.0,512.0,14.0,Windows 11 OS
HP,34250,7th Gen AMD Ryzen 3 7320U,8.0,512.0,15.6,Windows 11 OS
HP,109990,13th Gen Intel Core i7 13700H,16.0,512.0,15.6,Windows 11 OS
HP,33990,11th Gen Intel Core i3 1115G4 ,8.0,512.0,15.6,Windows 11 OS
Asus,79990,13th Gen Intel Core i5 1335U,16.0,512.0,13.3,Windows 11 OS
Asus,64990,13th Gen Intel Core i5 13500H,16.0,512.0,15.6,Windows 11 OS
Asus,109990,13th Gen Intel Core i9 13900H,16.0,1024.0,15.6,Windows 11 OS
MSI,62990,5th Gen AMD Ryzen 7 5800H,16.0,512.0,15.6,Windows 11 OS
Huawei,58999,13th Gen Intel Core i5 1340P,16.0,512.0,14.0,Windows 11 OS
MSI,420000,13th Gen Intel Core i9 13980HX,64.0,2048.0,17.3,Windows 11 OS
Lenovo,23990,3rd Gen AMD Athlon Silver 3050U,8.0,256.0,14.0,Windows 11 OS
HP,42999,7th Gen AMD Ryzen 5 7520U,8.0,512.0,15.6,Windows 11 OS
HP,38861,5th Gen AMD Ryzen 5 5500U,8.0,512.0,15.6,Windows 11 OS
Lenovo,33590,12th Gen Intel Core i3 1215U,8.0,512.0,15.6,Windows 11 OS
HP,15990,Intel Celeron  N4500,4.0,128.0,15.6,Chrome OS
Asus,33980,7th Gen AMD Ryzen 3 7320U,8.0,512.0,14.0,Windows 11 OS
Acer,78400,7th Gen AMD Ryzen 5 7535HS,8.0,512.0,15.6,Windows 11 OS
Asus,79990,5th Gen AMD Ryzen 7 5800H,16.0,512.0,15.6,Windows 11 OS
Acer,47990,12th Gen Intel Core i5 1235U,12.0,512.0,15.6,Windows 11 OS
Asus,74990,5th Gen AMD Ryzen 5  5600H,16.0,512.0,15.6,Windows 11 OS
MSI,45889,13th Gen Intel Core i5 1335U,8.0,512.0,15.6,Windows 11 OS
Asus,90990,7th Gen AMD Ryzen 7 7730U,16.0,512.0,14.0,Windows 11 OS
Asus,50990,7th Gen AMD Ryzen 5 7520U,8.0,512.0,15.6,Windows 11 OS
Samsung,74990,13th Gen Intel Core i5 1335U,16.0,512.0,15.6,Windows 11 OS
Infinix,25990,10th Gen Intel Core i3 1005G1,8.0,512.0,15.6,Windows 11 OS
Samsung,133990,13th Gen Intel Core i7 1355U,16.0,1024.0,13.3,Windows 11 OS
Samsung,165990,13th Gen Intel Core i7 1360P,16.0,1024.0,16.0,Windows 11 OS
Samsung,163990,13th Gen Intel Core i7 1360P,16.0,512.0,16.0,Windows 11 OS
Samsung,109990,13th Gen Intel Core i7 1355U,16.0,512.0,13.3,Windows 11 OS
Samsung,139990,13th Gen Intel Core i7 1360P,16.0,512.0,14.0,Windows 11 OS
Samsung,109990,13th Gen Intel Core i5 1335U,16.0,512.0,13.3,Windows 11 OS
Samsung,149990,13th Gen Intel Core i7 1360P,16.0,512.0,16.0,Windows 11 OS
Samsung,179990,13th Gen Intel Core i7 1360P,16.0,1024.0,16.0,Windows 11 OS
Samsung,155990,13th Gen Intel Core i5 1340P,16.0,512.0,16.0,Windows 11 OS
Samsung,229900,13th Gen Intel Core i9 13900H,32.0,512.0,16.0,Windows 11 OS
Lenovo,35990,5th Gen AMD Ryzen 5 5500U,8.0,512.0,15.6,Windows 11 OS
HP,37990,11th Gen Intel Core i3 1115G4,8.0,512.0,15.6,Windows 11 OS
HP,34999,11th Gen Intel Core i3 1115G4,8.0,512.0,14.0,Windows 11 OS
Apple,290990,Apple M2 Max M2 Max,32.0,1024.0,14.2,Mac OS
Apple,234990,Apple M2 Pro M2 Pro,16.0,1024.0,14.2,Mac OS
HP,82799,12th Gen Intel Core i5 12500H,16.0,512.0,14.0,Windows 11 OS
Dell,31790,5th Gen AMD Ryzen 3  5425U,8.0,256.0,14.0,Windows 11 OS
Lenovo,60990,5th Gen AMD Ryzen 7  5800H,8.0,512.0,15.6,Windows 11 OS
MSI,86990,12th Gen Intel Core i5 12450H,16.0,1024.0,15.6,Windows 11 OS
Dell,52990,11th Gen Intel Core i5 1135G7,16.0,512.0,14.0,Windows 11 OS
Dell,38990,5th Gen AMD Ryzen 5 5500U,8.0,512.0,14.0,Windows 11 OS
Asus,52558,7th Gen AMD Ryzen 5 7520U,16.0,512.0,15.6,Windows 11 OS
Asus,31990,11th Gen Intel Core i3 1115G4,8.0,512.0,14.0,Windows 11 OS
HP,34499,7th Gen AMD Ryzen 3 7320U,8.0,512.0,15.6,Windows 11 OS
Asus,94490,13th Gen Intel Core i5 1340P,16.0,512.0,14.0,Windows 11 OS
HP,33800,11th Gen Intel Core i3 1115G4 ,8.0,512.0,15.6,Windows 11 OS
Samsung,74390,13th Gen Intel Core i5 1335U,16.0,512.0,15.6,Windows 11 OS
Asus,104490,13th Gen Intel Core i5 1340P,16.0,512.0,14.0,Windows 11 OS
Asus,105739,13th Gen Intel Core i9 13900H,16.0,1024.0,15.6,Windows 11 OS
Lenovo,45500,12th Gen Intel Core i3 1215U,8.0,512.0,15.6,Windows 11 OS
Asus,50760,7th Gen AMD Ryzen 5 7520U,16.0,512.0,15.6,Windows 11 OS
Asus,49990,7th Gen AMD Ryzen 5 7520U,16.0,512.0,14.0,Windows 11 OS
Asus,33199,7th Gen AMD Ryzen 3 7320U,8.0,512.0,14.0,Windows 11 OS
Asus,70990,5th Gen AMD Ryzen 7 5800H,16.0,512.0,15.6,Windows 11 OS
Acer,64990,7th Gen AMD Ryzen 5 7535HS,8.0,512.0,15.6,Windows 11 OS
Asus,59990,7th Gen AMD Ryzen 5 7530U,16.0,512.0,16.0,Windows 11 OS
Asus,88990,7th Gen AMD Ryzen 7 7730U,16.0,512.0,14.0,Windows 11 OS
Asus,44990,7th Gen AMD Ryzen 5 7520U,8.0,512.0,15.6,Windows 11 OS
HP,77990,7th Gen AMD Ryzen 7 7735U,16.0,1024.0,13.3,Windows 11 OS
Asus,70990,7th Gen AMD Ryzen 7 7730U,16.0,512.0,16.0,Windows 11 OS
Lenovo,55990,5th Gen AMD Ryzen 5 5600H,8.0,512.0,15.6,Windows 11 OS
Tecno,43999,11th Gen Intel Core i5 1155G7,16.0,512.0,15.6,Windows 11 OS
Acer,37990,7th Gen AMD Ryzen 5 7520U,8.0,512.0,15.6,Windows 11 OS
HP,64990,5th Gen AMD Ryzen 5 5600H,16.0,512.0,15.6,Windows 11 OS
Lenovo,32990,AMD Ryzen 3 7320U,8.0,512.0,15.6,Windows 11 OS
Samsung,179490,13th Gen Intel Core i7 1360P,16.0,1024.0,16.0,Windows 11 OS
Infinix,56990,12th Gen Intel Core i5 12500H,16.0,512.0,15.6,Windows OS
HP,56990,11th Gen Intel Core i5 11400H ,8.0,512.0,16.1,Windows 11 OS
Asus,34990,11th Gen intel Core i3 1115G4,8.0,512.0,15.6,Windows 11 OS
HP,83249,12th Gen Intel Core i5 12500H,16.0,512.0,14.0,Windows 11 OS
Dell,57990,12th Gen Intel Core i5 1235U,16.0,512.0,14.0,Windows 11 OS
HP,85490,12th Gen Intel Core i5 1230U,16.0,512.0,13.4,Windows 11 OS
Dell,55890,12th Gen Intel Core i5 1235U,8.0,512.0,15.6,Windows 11 OS
Asus,40689,12th Gen Intel Core i3 1220P,8.0,512.0,15.6,Windows 11 OS
Acer,48990,12th Gen Intel Core i5 1235U,16.0,512.0,15.6,Windows 11 OS
HP,66648,12th Gen Intel Core i5 1235U,16.0,512.0,14.0,Windows 11 OS
Acer,36990,12th Gen Intel Core i3 1215U,8.0,512.0,15.6,Windows 11 OS
Gigabyte,74990,12th Gen Intel Core i5 12500H,16.0,512.0,15.6,Windows 11 OS
Lenovo,144990,12th Gen Intel Core i7 12700H,32.0,1024.0,16.0,Windows 11 OS
Dell,118499,11th Gen Intel Core i7 1185G7,16.0,512.0,14.0,Windows 10 OS
Lenovo,35490,5th Gen AMD Ryzen 5 5500U,8.0,512.0,15.6,Windows 11 OS
Lenovo,62889,5th Gen AMD Ryzen 7 5700U,16.0,512.0,14.0,Windows 11 OS
Lenovo,63999,5th Gen AMD Ryzen 5  5600H,8.0,512.0,15.6,Windows 11 OS
Honor,41990,5th Gen AMD Ryzen 5  5500U,8.0,512.0,14.0,Windows 11 OS
Asus,49990,12th Gen Intel Core i3 1220P,8.0,512.0,14.0,Windows 11 OS
Asus,54990,12th Gen Intel Core i5 1235U,8.0,512.0,14.0,Windows 11 OS
Lenovo,119990,12th Gen Intel Core i7 12700H,16.0,512.0,16.0,Windows 11 OS
MSI,85990,12th Gen Intel Core i7 12700H,16.0,512.0,16.0,Windows 11 OS
MSI,85590,12th Gen Intel Core i7 12700H,16.0,1024.0,16.0,Windows 11 OS
Lenovo,31990,5th Gen AMD Ryzen 3 5300U,8.0,512.0,15.6,Windows 11 OS
Asus,55800,5th Gen AMD Ryzen 5  5600H,16.0,512.0,14.0,Windows 11 OS
Xiaomi,72422,12th Gen Intel Core i5 12450H ,16.0,512.0,14.0,Windows 11 OS
Acer,31500,11th Gen Intel Core i3 1115G4,8.0,512.0,15.6,Windows 11 OS
Asus,37990,11th Gen Intel Core i3 1115G4,8.0,512.0,14.0,Windows 11 OS
HP,63490,5th Gen AMD Ryzen 5  5600H ,8.0,512.0,15.6,Windows 11 OS
Lenovo,60990,12th Gen Intel Core i5 1235U,16.0,512.0,15.6,Windows 11 OS
Lenovo,39900,5th Gen AMD Ryzen 5  5500U,8.0,512.0,15.6,Windows 11 OS
Asus,33990,11th Gen intel Core i3 1115G4,8.0,512.0,15.6,Windows 11 OS
HP,57580,12th Gen Intel Core i5 1235U,16.0,512.0,15.6,Windows 11 OS
Asus,339990,6th Gen AMD Ryzen 9  6900HX,32.0,2048.0,16.0,Windows 11 OS
HP,34999,11th Gen Intel Core i3 1115G4,8.0,512.0,15.6,Windows 11 OS
HP,54990,12th Gen Intel Core i5 1235U,8.0,512.0,15.6,Windows 11 OS
HP,35999,11th Gen Intel Core i3 1115G4,8.0,1024.0,15.6,Windows 11 OS
HP,41710,11th Gen Intel Core i3 1115G4,8.0,1024.0,15.6,Windows 11 OS
Dell,50090,5th Gen AMD Ryzen 5 5625U,8.0,512.0,16.0,Windows 11 OS
HP,45890,5th Gen AMD Ryzen 5  5500U ,16.0,512.0,14.0,Windows 11 OS
HP,29990,3rd Gen AMD Athlon Silver 3050U,8.0,512.0,15.6,Windows 11 OS
HP,37672,11th Gen Intel Core i3 1115G4,8.0,512.0,15.6,Windows 11 OS
Dell,83523,6th Gen AMD Ryzen 7  6800H,16.0,512.0,15.6,Windows 11 OS
Acer,52128,12th Gen Intel Core i5 1240P,8.0,512.0,15.6,Windows 11 OS
Acer,39990,12th Gen Intel Core i5 1235U,8.0,512.0,15.6,Windows 11 OS
Dell,54790,5th Gen AMD Ryzen 7  5825U,8.0,512.0,15.6,Windows 11 OS
Acer,147090,12th Gen Intel Core i7 12700H,32.0,2048.0,16.0,Windows 11 OS
HP,67990,12th Gen Intel Core i5 1235U,16.0,512.0,14.0,Windows 11 OS
MSI,49290,11th Gen Intel Core i5 11400H,8.0,512.0,15.6,Windows 10 OS
Asus,51990,10th Gen Intel Core i5 10300H,8.0,512.0,15.6,Windows 11  OS
HP,83149,12th Gen Intel Core i7 1255U,16.0,1024.0,14.0,Windows 11 OS
HP,54999,12th Gen Intel Core i5 1235U,8.0,512.0,15.6,Windows 11 OS
Samsung,74990,12th Gen Intel Core i7 1255U,16.0,512.0,15.6,Windows 11 OS
Lenovo,66990,5th Gen AMD Ryzen 7  5800H,16.0,512.0,15.6,Windows 11 OS
HP,61990,12th Gen Intel Core i5 1240P,8.0,512.0,15.6,Windows 11 OS
HP,51573,5th Gen AMD Ryzen 5 5625U ,8.0,512.0,14.0,Windows 11 OS
Acer,31500,11th Gen Intel Core i3 1115G4,8.0,256.0,15.6,Windows OS
Acer,29000,11th Gen Intel Core i3 1115G4,4.0,256.0,15.6,Windows 11 OS
HP,32990,5th Gen AMD Ryzen 3  5300U,8.0,512.0,15.6,Windows OS
Lenovo,36990,5th Gen AMD Ryzen 5  5500U,8.0,512.0,15.6,Windows 11 OS
Apple,239900,Apple M1 Pro M1 Pro,16.0,1024.0,14.2,Mac OS
Apple,309490,Apple M1 Max M1 Max,32.0,1024.0,16.2,Mac OS
Dell,49990,11th Gen Intel Core i5 1135G7,8.0,512.0,15.6,Windows 10  OS
Dell,40250,11th Gen Intel Core i3 1115G4,8.0,1024.0,15.6,Windows 10 OS
Asus,59990,10th Gen Intel Core i7 10870H,16.0,512.0,15.6,Windows 10 OS
Dell,57990,11th Gen Intel Core i5 1135G7,8.0,1024.0,15.6,Windows 10 OS
Realme,36999,11th Gen Intel Core i3 1115G4 ,8.0,256.0,14.0,Windows 10 OS
Xiaomi,53990,5th Gen AMD Ryzen 5  5600H ,16.0,512.0,15.6,Windows 10  OS
Xiaomi,48990,5th Gen AMD Ryzen 5  5500U ,16.0,512.0,14.0,Windows 10  OS
Vaio,39990,11th Gen Intel Core i5 1135G7,8.0,512.0,14.0,Windows 10 OS
HP,37290,3rd Gen AMD Ryzen 3  3250U,8.0,1024.0,15.6,Windows 10 OS
Microsoft,60390,3rd Gen AMD Ryzen 5  3580U,8.0,128.0,15.0,Windows 10 OS
Huawei,54999,3rd Gen AMD Ryzen 5 3500U ,8.0,256.0,15.6,Windows 10 OS
HP,90464,8th Gen Intel Core i5 8265U,8.0,512.0,14.0,Windows 10 OS
Acer,54490,8th Gen Intel Core i5 8250U,8.0,512.0,14.0,Windows 10 OS
Apple,199900,Intel,8.0,512.0,13.3,Mac High Sierra OS
Dell,89999,11th Gen Intel Core i5 1135G7,8.0,256.0,13.3,Windows 10  OS
Dell,260000,12th Gen Intel Core i7 1265U,32.0,1024.0,14.1,Windows OS
Acer,45999,11th Gen Intel Core i5 1155G7,16.0,1024.0,15.6,Windows 11 OS
Lenovo,106990,12th Gen Intel Core i7 1260P,16.0,1024.0,16.0,Windows 11 OS
Lenovo,221990,13th Gen Intel Core i7 1355U,16.0,1024.0,14.0,Windows 11 OS
Acer,146990,12th Gen Intel Core i7 12700H,32.0,2048.0,16.0,Windows 11 OS
Asus,52990,10th Gen Intel Core i5 10300H,8.0,512.0,15.6,Windows 11  OS
Acer,59990,12th Gen Intel Core i5 1240P,8.0,512.0,14.0,Windows 11 OS
Dell,52990,11th Gen Intel Core i5 1135G7,8.0,512.0,15.6,Windows 11  OS
Samsung,64490,12th Gen Intel Core i5 1235U,16.0,512.0,15.6,Windows 11 OS
Samsung,78990,12th Gen Intel Core i5 1240P,8.0,512.0,15.6,Windows 11 OS
Samsung,59900,12th Gen Intel Core i5 1235U ,8.0,512.0,15.6,Windows 11 OS
HP,55990,5th Gen AMD Ryzen 5  5625U,16.0,512.0,14.0,Windows 11 OS
Lenovo,19990,Intel Celeron  N4020 ,4.0,256.0,15.6,DOS OS
Realme,47990,11th Gen Intel Core i5 11320H,16.0,512.0,14.0,Windows 11 OS
Samsung,112990,12th Gen Intel Core i7 1260P ,16.0,512.0,13.3,Windows 11 OS
Samsung,101990,12th Gen Intel Core i7 1260P ,16.0,512.0,13.3,Windows 11 OS
Samsung,102990,12th Gen Intel Core i5 1240P,16.0,512.0,13.3,Windows 11 OS
Asus,33499,Intel Pentium Silver  N6000,4.0,128.0,13.3,Windows 11 OS
HP,33999,5th Gen AMD Ryzen 3  5300U,8.0,512.0,15.6,Windows OS
Apple,215994,Apple M1 Pro M1 Pro,16.0,512.0,16.2,Mac OS
Apple,215994,Apple M1 Pro M1 Pro,16.0,1024.0,14.2,Mac OS
Asus,26500,10th Gen Intel Core i3 10110U ,4.0,1024.0,15.6,Windows 10 OS
Xiaomi,79990,11th Gen Intel Core i5 11300H ,16.0,512.0,15.6,Windows 10  OS
Dell,68000,11th Gen Intel Core i5 11300H,16.0,512.0,15.6,Windows 10 OS
Lenovo,47925,11th Gen Intel Core i5 1135G7,8.0,512.0,15.6,Windows 10 OS
Xiaomi,59990,5th Gen AMD Ryzen 7 5800H ,16.0,512.0,15.6,Windows 10  OS
Dell,67800,10th Gen Intel Core i5 10210U ,8.0,512.0,14.0,Ubuntu OS
Microsoft,60490,3rd Gen AMD Ryzen 5  3580U,8.0,128.0,15.0,Windows 10 OS
Apple,72999,10th Gen Intel Core i3,8.0,256.0,13.3,Mac 10.15.3	 OS
Apple,109999,10th Gen Intel Core i7,8.0,512.0,13.3,Mac 10.15.3	 OS
Dell,87990,8th Gen Intel Core i7 8550U,8.0,256.0,13.3,Windows 10 OS
HP,121900,9th Gen intel Core i7 9750H,16.0,512.0,15.6,Windows 10 OS
Asus,136490,8th Gen Intel Core i9 8950HK,16.0,1024.0,15.6,Windows 10 OS
Gigabyte,143700,12th Gen Intel Core i5 12500H,8.0,512.0,15.6,Windows 11 OS
HP,50490,5th Gen AMD Ryzen 7  5700U,16.0,512.0,15.6,Windows 11 OS
Dell,71990,13th Gen Intel Core i5 1335U,16.0,1024.0,15.6,Windows 11 OS
Dell,136899,13th Gen Intel Core i7 13650HX,16.0,1024.0,15.6,Windows 11 OS
Lenovo,62990,5th Gen AMD Ryzen 5  5500U,16.0,512.0,14.0,Windows 11 OS
Asus,43990,7th Gen AMD Ryzen 5 7520U,8.0,512.0,14.0,Windows 11 OS
Acer,33990,7th Gen AMD Ryzen 5 7520U,8.0,512.0,15.6,Windows 11 OS
Asus,58990,7th Gen AMD Ryzen 5 7530U,16.0,1024.0,15.6,Windows 11 OS
MSI,154990,13th Gen Intel Core i7 13700H,16.0,1024.0,15.6,Windows 11 OS
MSI,69990,11th Gen Intel Core i7 1185G7,16.0,1024.0,15.6,Windows 10 OS
Lenovo,50000,11th Gen Intel Core i3 1115G4,8.0,512.0,14.0,DOS OS
Lenovo,36990,7th Gen AMD Ryzen 5 7520U ,8.0,512.0,15.6,Windows 11 OS
Asus,76500,7th Gen AMD Ryzen 7  7730U,16.0,512.0,15.6,Windows 11 OS
Lenovo,33990,12th Gen Intel Core i3 1215U,8.0,256.0,15.6,Windows 11 OS
Lenovo,32990,7th Gen AMD Ryzen 3 7320U,8.0,512.0,15.6,Windows 11 OS
Asus,103221,13th Gen Intel Core i5 13500H,16.0,512.0,16.0,Windows 11 OS
Asus,89990,12th Gen Intel Core i5 12450H ,16.0,512.0,16.0,Windows 11 OS
Lenovo,56990,11th Gen Intel Core i5 11320H,8.0,512.0,15.6,Windows 11 OS
Asus,44980,7th Gen AMD Ryzen 5 7520U,16.0,512.0,14.0,Windows 11 OS
Asus,23990,Intel   N4500,8.0,256.0,14.0,Windows OS
Asus,76990,5th Gen AMD Ryzen 7 5800HS,16.0,512.0,15.6,Windows 11 OS
Acer,26920,Intel Celeron N4500,8.0,64.0,14.0,Chrome OS
Ultimus,14490,Intel Celeron  N4020,4.0,256.0,14.1,Windows 11 OS
Dell,38990,11th Gen Intel Core i3 1115G4,8.0,512.0,15.6,Windows 11 OS
Lenovo,52990,5th Gen AMD Ryzen 5 5500H,8.0,512.0,15.6,Windows 11 OS
HP,362999,13th Gen Intel Core i9 13900HX,32.0,1024.0,17.3,Windows 11  OS
Acer,64990,13th Gen Intel Core i5 13420H,16.0,512.0,15.6,Windows 11 OS
Acer,62990,13th Gen Intel Core i5 13420H,16.0,512.0,15.6,Windows 11 OS
Acer,18990,Intel Celeron N4500,8.0,256.0,11.6,Windows 11 OS
HP,169999,13th Gen Intel Core i7 13700HX,16.0,512.0,16.1,Windows 11 OS
HP,189999,13th Gen Intel Core i7 13700HX,16.0,1024.0,16.1,Windows 11 OS
HP,298999,13th Gen Intel Core i9 13900HX,32.0,2048.0,16.1,Windows 11 OS
HP,99999,7th Gen Amd Ryzen 7 7840H,16.0,1024.0,14.0,Windows 11 OS
HP,267999,13th Gen Intel Core i7 13700HX,16.0,1024.0,17.3,Windows 11 OS
Lenovo,108990,13th Gen Intel Core i7 13700H,16.0,1024.0,16.0,Windows 11  OS
Lenovo,51990,11th Gen Intel Core i5 11320H,8.0,512.0,15.6,Windows 11 OS
Asus,62608,11th Gen Intel Core i5 11400H,16.0,512.0,17.3,Windows 11 OS
Acer,57999,12th Gen Intel Core i5 1240P,8.0,512.0,15.6,Windows 11 OS
Dell,62990,13th Gen Intel Core i5 1335U,8.0,512.0,14.0,Windows 11 OS
Lenovo,71990,13th Gen Intel Core i5 13420H,16.0,512.0,14.0,Windows 11 OS
Lenovo,297990,13th Gen Intel Core i9 13900HX,32.0,1024.0,16.0,Windows 11 OS
Lenovo,138490,13th Gen Intel Core i7 13620H,16.0,1024.0,16.0,Windows 11 OS
Lenovo,103395,5th Gen AMD Ryzen 7 5800H,16.0,512.0,16.0,Windows 11 OS
Lenovo,88990,6th Gen AMD Ryzen 7 6800HS ,16.0,512.0,16.0,Windows 11  OS
MSI,419990,13th Gen Intel Core i9 13950HX,64.0,2048.0,16.0,Windows 11 OS
Lenovo,87990,13th Gen Intel Core i7 1355U,16.0,512.0,14.0,Windows 11 OS
Lenovo,48990,12th Gen Intel Core i5 1235U,8.0,512.0,15.6,Windows 11 OS
MSI,79990,7th Gen AMD Ryzen 7 7735HS,16.0,512.0,15.6,Windows 11 OS
Lenovo,33990,12th Gen Intel Core i3 1215U,8.0,256.0,15.6,Windows 11 OS
HP,26990,Intel Celeron N4500,8.0,512.0,14.0,Windows 11 OS
Acer,13990,Intel Celeron Dual Core N4500,4.0,64.0,11.6,Chrome OS
Acer,49990,11th Gen Intel Core i7 1165G7,16.0,1024.0,14.0,Windows 11 OS
MSI,59990,7th Gen AMD Ryzen 5 7535HS,8.0,512.0,15.6,Windows 11 OS
Asus,91990,6th Gen AMD Ryzen 7  6800H,16.0,1024.0,15.6,Windows 11 OS
Asus,95689,13th Gen Intel Core i9 13900H,16.0,1024.0,16.0,Windows 11 OS
Acer,26732,Intel Celeron Dual Core N4500,8.0,128.0,14.0,Chrome OS
HP,89999,11th Gen Intel Core i5 1135G7,16.0,512.0,14.0,Windows 11 OS
Asus,69990,5th Gen AMD Ryzen 7 5800H,16.0,1024.0,14.0,Windows 11 OS
Asus,65391,5th Gen AMD Ryzen 5  5600H,16.0,1024.0,14.0,Windows 11 OS
Lenovo,90000,4th Gen AMD Ryzen 7 PRO 4750U,16.0,512.0,14.0,Windows 10 OS
Lenovo,38390,12th Gen Intel Core i3 1215U,8.0,512.0,15.6,Windows 11 OS
Lenovo,40990,7th Gen AMD Ryzen 5 7520U,8.0,512.0,15.6,Windows 11 OS
Lenovo,50990,5th Gen AMD Ryzen 5  5500H,8.0,512.0,15.6,Windows 11 OS
Dell,47990,11th Gen Intel Core i5 1135G7,8.0,512.0,15.6,Windows 11 OS
Dell,59990,12th Gen Intel Core i5 1235U,16.0,512.0,15.6,Windows 11 OS
Dell,61990,13th Gen Intel Core i5 1335U,8.0,512.0,15.6,Windows 11 OS
Lenovo,31990,7th Gen AMD Ryzen 3 7320U,8.0,512.0,14.0,Windows 11 OS
MSI,129990,13th Gen Intel Core i7 13700H,32.0,1024.0,16.0,Windows 11 OS
Lenovo,49989,12th Gen Intel Core i5 1235U,8.0,512.0,15.6,Windows 11 OS
Dell,42990,5th Gen AMD Ryzen 5 5500U,8.0,512.0,15.6,Windows 11 OS
MSI,259990,13th Gen Intel Core i7 13700H,32.0,1024.0,16.0,Windows 11 OS
Lenovo,44690,13th Gen Intel Core i3 1305U,8.0,512.0,15.6,Windows 11 OS
Lenovo,61990,7th Gen AMD Ryzen 5 7530U,16.0,512.0,14.0,Windows 11 OS
HP,123300,12th Gen Intel Core i7 1255U,16.0,1024.0,16.0,Windows 11 OS
Dell,74499,13th Gen Intel Core i5 1335U,16.0,1024.0,15.6,Windows 11 OS
Lenovo,47990,11th Gen Intel Core i5 11320H,8.0,512.0,15.6,Windows 11 OS
Lenovo,85990,7th Gen AMD Ryzen 7 7730U,16.0,1024.0,13.3,Windows 11 OS
Lenovo,61990,5th Gen AMD Ryzen 7 5700U,16.0,512.0,14.0,Windows 11 OS
Ultimus,21990,10th Gen Intel Core i3 1005G1,8.0,256.0,14.1,Windows 11 OS
HP,49990,5th Gen AMD Ryzen 5  5600H ,8.0,512.0,15.6,Windows 11 OS
Lenovo,112990,7th Gen AMD Ryzen 7 7840HS,16.0,512.0,16.0,Windows 11 OS
Lenovo,127990,7th Gen AMD Ryzen 7 7840HS,16.0,512.0,16.0,Windows 11 OS
HP,91590,13th Gen Intel Core i7 1355U ,16.0,512.0,14.0,Windows 11 OS
HP,103060,13th Gen Intel Core i5 13500H,16.0,512.0,15.6,Windows 11 OS
HP,39600,7th Gen AMD Ryzen 3 7320U,8.0,512.0,15.6,Windows 11 OS
Lenovo,137590,7th Gen AMD Ryzen 7 7840HS,16.0,512.0,16.0,Windows 11 OS
Lenovo,53980,7th Gen AMD Ryzen 7 7730U,16.0,512.0,16.0,Windows 11 OS
Acer,54990,7th Gen AMD Ryzen 5  7530U,16.0,512.0,14.0,Windows 11 OS
Asus,28099,Intel Celeron N4020,8.0,512.0,15.6,Windows OS
HP,415000,12th Gen Intel Core i7 1250U,16.0,1024.0,17.0,Windows 11 OS
Fujitsu,64990,13th Gen Intel Core i5 1334U,16.0,512.0,13.3,Windows 11 OS
Fujitsu,84990,13th Gen Intel Core i7 1355U,16.0,1024.0,13.3,Windows 11 OS
Tecno,52999,11th Gen Intel Core i7 1165G7,16.0,1024.0,15.6,Windows 11 OS
Tecno,34999,11th Gen Intel Core i3 1115G4,8.0,512.0,15.6,Windows 11 OS
Asus,65990,7th Gen AMD Ryzen 7  7730U,16.0,1024.0,15.6,Windows 11 OS
HP,56990,7th Gen AMD Ryzen 5 7535HS,8.0,512.0,15.6,Windows 11 OS
Lenovo,88999,11th Gen Intel Core i5 1135G7,16.0,1024.0,15.6,Windows 10 OS
Lenovo,35990,11th Gen Intel Core i3 1115G4,8.0,512.0,15.6,Windows 11 OS
Lenovo,111490,13th Gen Intel Core i7 1360P,16.0,512.0,14.0,Windows 11 OS
HP,50990,12th Gen Intel Core i5 1235U,8.0,512.0,15.6,Windows 11 OS
Lenovo,89500,12th Gen Intel Core i5 1235U,16.0,512.0,15.6,Windows 11 OS
Lenovo,66388,7th Gen AMD Ryzen 5 7530U,16.0,512.0,14.0,Windows 11 OS
Asus,66990,5th Gen AMD Ryzen 5 5600HS,16.0,1024.0,15.6,Windows 11 OS
Asus,74990,5th Gen AMD Ryzen 7 5800HS,16.0,1024.0,15.6,Windows 11 OS
HP,26990,3rd Gen AMD Ryzen 3  3250U,8.0,512.0,15.6,DOS 3.0 OS
Dell,65990,13th Gen Intel Core i5 1335U,8.0,1024.0,15.6,Windows 11 OS
Asus,87990,12th Gen Intel Core i7 12650H,16.0,1024.0,16.0,Windows 11 OS
Dell,36480,11th Gen Intel Core i3 1115G4,8.0,512.0,15.6,Windows 11 OS
Dell,63989,13th Gen Intel Core i5 1335U,8.0,1024.0,15.6,Windows 11 OS
Asus,90990,12th Gen Intel Core i7 12700H ,16.0,1024.0,15.6,Windows 11  OS
Asus,104990,12th Gen Intel Core i7 12650H,16.0,512.0,16.0,Windows 11 OS
HP,64800,12th Gen Intel Core i5 1235U,8.0,512.0,14.0,DOS OS
Asus,27990,Intel Celeron N4500,4.0,64.0,14.0,Chrome OS
Asus,14990,Intel Celeron N4500,4.0,128.0,14.0,Chrome OS
Asus,22990,Intel Celeron N4500,4.0,64.0,15.6,Chrome OS
Asus,23990,Intel Celeron N4500,4.0,128.0,15.6,Chrome OS
HP,42900,12th Gen Intel Core i3 1215U,8.0,512.0,15.6,Windows 11 OS
Gigabyte,130000,13th Gen Intel Core i7 13620H,16.0,512.0,16.0,Windows 11 OS
Gigabyte,94990,12th Gen Intel Core i5 12500H,8.0,512.0,15.6,Windows 11 OS
Lenovo,57990,5th Gen AMD Ryzen 7  5700U,16.0,512.0,15.6,Windows 11 OS
Asus,104222,12th Gen Intel Core i7 12650H,16.0,512.0,16.0,Windows 11 OS
Fujitsu,69990,13th Gen Intel Core i5 1335U,16.0,512.0,14.0,Windows 11 OS
Lenovo,63990,7th Gen AMD Ryzen 7 7730U,16.0,512.0,14.0,Windows 11 OS
Lenovo,48990,7th Gen AMD Ryzen 5 7520U,8.0,512.0,15.6,Windows 11 OS
Lenovo,46990,12th Gen Intel Core i5 1235U,8.0,512.0,15.6,DOS OS
HP,55990,7th Gen Amd Ryzen 5 7535HS,8.0,512.0,15.6,Windows 11 OS
Asus,66990,12th Gen Intel Core i5 12450H,16.0,512.0,16.0,Windows 11 OS
Asus,89990,12th Gen Intel Core i5 12450H,16.0,512.0,16.0,Windows 11 OS
MSI,62990,11th Gen Intel Core i5 11400H,16.0,512.0,15.6,Windows 11 OS
MSI,85990,12th Gen Intel Core i7 12650H,16.0,512.0,15.6,Windows 11 OS
Lenovo,47100,12th Gen Intel Core i3 1215U,8.0,512.0,15.6,Windows 11 OS
Lenovo,91990,7th Gen AMD Ryzen 7 7735U,16.0,512.0,14.0,Windows 11 OS
Asus,67990,5th Gen AMD Ryzen 5 5600H,16.0,512.0,15.6,Windows 11 OS
Acer,39990,5th Gen AMD Ryzen 5 5500U,16.0,512.0,14.0,Windows 11 OS
Acer,36990,5th Gen AMD Ryzen 5 5500U,8.0,512.0,14.0,Windows 11 OS
Asus,33990,7th Gen AMD Ryzen 3 7320U,8.0,512.0,14.0,Windows 11 OS
Lenovo,43800,11th Gen Intel Core i5 1135G7 ,8.0,512.0,14.0,DOS OS
HP,179490,7th Gen AMD Ryzen 9 7940HS,32.0,1024.0,16.1,Windows 11 OS
Gigabyte,164990,13th Gen Intel Core i7 13700H,16.0,1024.0,14.0,Windows 11 OS
Dell,84990,13th Gen Intel Core i7 1355U,16.0,1024.0,14.0,Windows 11 OS
Fujitsu,104990,13th Gen Intel Core i7 1360p,16.0,1024.0,14.0,Windows 11 OS
Asus,57990,11th Gen Intel Core i5 11260H,16.0,512.0,15.6,Windows 11 OS
HP,58990,7th Gen Amd Ryzen 5 7535HS,8.0,512.0,15.6,Windows 11 OS
Dell,304990,12th Gen Intel Core i9 12900H,32.0,1024.0,15.6,Windows 11 OS
Asus,33990,7th Gen AMD Ryzen 3 7320U,8.0,512.0,14.0,Windows 11 OS
Ultimus,28990,10th Gen Intel Core i5 1035G4,8.0,512.0,14.1,Windows 11 OS
Acer,39900,Intel Core i3 N305,8.0,512.0,14.0,Windows 11 OS
Lenovo,36490,11th Gen Intel Core i3 1115G4,8.0,512.0,15.6,Windows 11 OS
Lenovo,87490,13th Gen Intel Core i7 13620H,16.0,512.0,14.0,Windows 11 OS
Dell,44990,13th Gen Intel Core i3 1305U,8.0,1024.0,15.6,Windows 11 OS
Lenovo,107990,13th Gen Intel Core i7 1360P,16.0,512.0,14.0,Windows 11 OS
Dell,46900,7th Gen Amd Ryzen 5 7520U,8.0,1024.0,15.6,Windows 11 OS
Dell,98890,13th Gen Intel Core i7 1360P,16.0,1024.0,13.3,Windows 11 OS
Dell,76990,13th Gen Intel Core i5 1335U,8.0,1024.0,14.0,Windows 11 OS
Dell,86990,13th Gen Intel Core i5 1340P,16.0,1024.0,13.3,Windows 11 OS
Dell,86990,13th Gen Intel Core i5 1335U,16.0,1024.0,14.0,Windows 11 OS
Dell,58490,13th Gen Intel Core i5 1335U,8.0,512.0,14.0,Windows 11 OS
HP,69199,5th Gen AMD Ryzen 5 5600H,16.0,512.0,15.6,Windows 11 OS
MSI,45990,11th Gen Intel Core i5 11260H,8.0,512.0,15.6,Windows 11 OS
MSI,94990,12th Gen Intel Core i7 12650H,16.0,512.0,15.6,Windows 11 OS
MSI,97990,12th Gen Intel Core i7 12650H,8.0,1024.0,17.3,Windows 11 OS
MSI,179990,13th Gen Intel Core i9 13900H,16.0,1024.0,17.3,Windows 11 OS
MSI,125990,13th Gen Intel Core i7 13700H,8.0,1024.0,17.3,Windows 11 OS
HP,116463,13th Gen Intel Core i5 13500H,16.0,512.0,15.6,Windows 11 OS
HP,109990,13th Gen Intel Core i7 13700H,16.0,512.0,15.6,Windows 11 OS
HP,153625,13th Gen Intel Core i5 13500HX,16.0,512.0,16.1,Windows 11 OS
HP,270129,13th Gen Intel Core i9 13900HX,32.0,1024.0,16.1,Windows 11 OS
Gigabyte,149990,12th Gen Intel Core i5 12500H,16.0,1024.0,15.6,Windows 11  OS
Lenovo,58990,7th Gen AMD Ryzen 5 7530U,16.0,512.0,14.0,Windows 11 OS
HP,107190,12th Gen Intel Core i7 1250U,16.0,512.0,13.3,Windows 11 OS
Chuwi,32999,10th Gen Intel Core i5 10210U,16.0,512.0,15.6,Windows 11 OS
HP,102090,13th Gen Intel Core i5 13420H,16.0,512.0,16.1,Windows 11 OS
HP,231746,13th Gen Intel Core i7 1365U,16.0,512.0,13.5,Windows 11 OS
Asus,81990,12th Gen Intel Core i7 12650H,16.0,512.0,16.0,Windows 11 OS
Dell,36890,11th Gen Intel Core i3 1115G4,8.0,512.0,15.6,Windows 11 OS
Lenovo,87990,12th Gen Intel Core i5 12450H,16.0,512.0,15.6,Windows 11 OS
HP,77990,13th Gen Intel Core i5 1335U,16.0,512.0,14.0,Windows 11 OS
Gigabyte,117574,12th Gen Intel Core i5 12500H,8.0,512.0,15.6,Windows 11 OS
Lenovo,97990,7th Gen AMD Ryzen 7 7840HS,16.0,512.0,15.6,Windows 11 OS
MSI,284990,13th Gen Intel Core i9 13980HX,32.0,1024.0,16.0,Windows 11 OS
MSI,344990,13th Gen Intel Core i9 13980HX,32.0,2048.0,17.0,Windows 11 OS
HP,146599,13th Gen Intel Core i7 13700HX,16.0,1024.0,16.1,Windows 11 OS
Acer,44990,11th Gen Intel Core i5 1135G7,8.0,512.0,15.6,Windows 11 OS
Lenovo,57990,7th Gen AMD Ryzen 5 7530U,16.0,512.0,14.0,Windows 11 OS
HP,128599,7th Gen AMD Ryzen 7 7840HS,16.0,512.0,16.0,Windows 11 OS
Asus,21990,intel Celeron  N4020,4.0,256.0,15.6,Windows 11 OS
HP,151990,13th Gen Intel Core i7 13700HX,16.0,512.0,16.1,Windows 11 OS
Infinix,52990,11th Gen Intel Core i7 1195G7,16.0,1024.0,15.6,Windows 11 OS
Lenovo,119888,11th Gen Intel Core i5 1155G7,16.0,1024.0,14.0,Windows 10 OS
HP,22990,3rd Gen AMD Athlon  3050U,4.0,256.0,15.6,Windows 11 OS
Lenovo,76888,7th Gen AMD Ryzen 5 7530U,16.0,512.0,13.3,Windows 11 OS
Dell,256990,13th Gen Intel Core i7 13700H,16.0,1024.0,15.6,Windows 11 OS
Dell,83090,13th Gen Intel Core i5 1340P,16.0,512.0,13.3,Windows 11 OS
Dell,67999,11th Gen Intel Core i5 11320H,16.0,512.0,15.6,Windows 11 OS
Acer,96256,12th Gen Intel Core i7 12700H,16.0,512.0,15.6,Windows 11 OS
MSI,77990,12th Gen Intel Core i5 1240P,16.0,512.0,14.0,Windows 11 OS
Dell,323290,13th Gen Intel Core i9 13900HX,32.0,1024.0,16.0,Windows 11 OS
Dell,67990,5th Gen AMD Ryzen 7 5825U,16.0,512.0,14.0,Windows 11 OS
MSI,82990,12th Gen Intel Core i5 1240P,8.0,512.0,13.3,Windows 11 OS
Dell,199990,7th Gen Amd Ryzen 7 7745HX,16.0,1024.0,16.0,Windows 11 OS
Gigabyte,189999,12th Gen Intel Core i7 12700H,16.0,1024.0,16.0,Windows 11  OS
Lenovo,73990,7th Gen AMD Ryzen 5 7530U,16.0,512.0,13.3,Windows 11 OS
Asus,67990,5th Gen AMD Ryzen 5  5600H,16.0,512.0,15.6,Windows 11 OS
Asus,142990,12th Gen Intel Core i7 12700H,16.0,1024.0,16.0,Windows 11 OS
Lenovo,64990,5th Gen AMD Ryzen 7 5700U,16.0,512.0,14.0,Windows 11 OS
Asus,84800,12th Gen Intel Core i7 12650H,16.0,512.0,16.0,Windows 11 OS
Lenovo,64990,7th Gen AMD Ryzen 5 7530U,16.0,512.0,14.0,Windows 11 OS
Acer,129990,7th Gen AMD Ryzen 7 7840HS,16.0,512.0,16.0,Windows 11 OS
Acer,114990,7th Gen AMD Ryzen 7 7840HS,8.0,512.0,16.0,Windows 11 OS
Acer,80000,13th Gen Intel Core i7 1355U,8.0,512.0,15.6,Windows 11 OS
Acer,54990,13th Gen Intel Core i5 1335U,16.0,512.0,15.6,Windows 11 OS
LG,98999,13th Gen Intel Core i5 1340P,16.0,512.0,14.0,Windows 11 OS
Dell,69990,10th Gen Intel Core i5 10310U,8.0,512.0,14.0,Windows 10  OS
Asus,76990,5th Gen AMD Ryzen 7 5800H,16.0,512.0,15.6,Windows 11 OS
Fujitsu,74990,13th Gen Intel Core i5 1335U,16.0,512.0,14.0,Windows 11 OS
Fujitsu,89990,13th Gen Intel Core i7 1360P,16.0,512.0,14.0,Windows 11 OS
HP,29999,Intel Pentium Silver   N6000 ,8.0,512.0,15.6,Windows 11  OS
HP,97705,12th Gen Intel Core i5 1235U,16.0,512.0,16.0,Windows 11 OS
HP,240707,12th Gen Intel Core i9 12900H,32.0,1024.0,16.0,Windows 11 OS
HP,234990,12th Gen Intel Core i7 12700H ,16.0,1024.0,16.0,Windows 11 OS
HP,209990,12th Gen Intel Core i7 12700H ,16.0,1024.0,16.0,Windows 11 OS
HP,390914,12th Gen Intel Core i9 12900H,32.0,1024.0,16.0,Windows 11 OS
HP,172588,12th Gen Intel Core i7 12700H ,16.0,1024.0,16.0,Windows 11 OS
HP,254657,12th Gen Intel Core i7 12700H ,16.0,1024.0,16.0,Windows 11 OS
LG,152499,13th Gen Intel Core i7 1360P,16.0,1024.0,16.0,Windows 11 OS
Lenovo,23990,Intel Celeron  N4020 ,4.0,256.0,11.6,Windows 11 OS
Asus,119990,6th Gen AMD Ryzen 7  7735HS,16.0,512.0,14.0,Windows 11 OS
LG,78299,7th Gen AMD Ryzen 5 7530U,16.0,512.0,16.0,Windows 11 OS
LG,115990,13th Gen Intel Core i7 1360P,16.0,512.0,14.0,Windows 11 OS
Asus,61990,13th Gen Intel Core i5 1335U,16.0,512.0,15.6,Windows 11 OS
HP,26999,3rd Gen AMD Ryzen 3  3250U,8.0,512.0,15.6,DOS OS
HP,103099,13th Gen Intel Core i5 13420H,16.0,512.0,16.1,Windows 11 OS
Infinix,64990,13th Gen Intel Core i7 13700H,32.0,1024.0,15.6,Windows 11 OS
Lenovo,47990,12th Gen Intel Core i5 1235U,8.0,512.0,14.0,Windows 11 OS
Lenovo,24990,4th Gen Intel Celeron N4020,8.0,256.0,14.0,Windows 10 OS
Lenovo,130800,11th Gen Intel Core i7 1165G7 ,16.0,512.0,14.0,Windows 11 OS
MSI,57990,11th Gen Intel Core i7 11800H,16.0,512.0,15.6,Windows 11 OS
Lenovo,38500,7th Gen AMD Ryzen 3 7330U,8.0,512.0,15.6,DOS OS
MSI,47990,11th Gen Intel Core i5 11260H,8.0,512.0,15.6,Windows 11 OS
Lenovo,44990,7th Gen AMD Ryzen 3 7330U,8.0,512.0,14.0,Windows 11 OS
MSI,69990,12th Gen Intel Core i5 12450H ,16.0,512.0,15.6,Windows 11 OS
Asus,61990,13th Gen Intel Core i5 1335U,16.0,512.0,15.6,Windows 11 OS
Asus,89990,12th Gen Intel Core i5 12450H,16.0,512.0,16.0,Windows 11 OS
Asus,65990,13th Gen Intel Core i5 1335U,16.0,512.0,15.6,Windows 11 OS
Lenovo,58990,7th Gen AMD Ryzen 5 7530U,8.0,512.0,14.0,Windows 11 OS
HP,94990,13th Gen Intel Core i5 1335U,16.0,512.0,15.6,Windows 11 OS
HP,86490,7th Gen AMD Ryzen 7 7730U,16.0,512.0,15.6,Windows 11 OS
HP,77490,7th Gen AMD Ryzen 5 7530U,16.0,512.0,15.6,Windows 11 OS
HP,85490,7th Gen AMD Ryzen 5 7530U,16.0,512.0,15.6,Windows 11 OS
Lenovo,44000,13th Gen Intel Core i3 1305U,8.0,512.0,15.6,Windows 11 OS
HP,51990,7th Gen AMD Ryzen 5 7520U,16.0,512.0,14.0,Windows 11 OS
Dell,37990,11th Gen Intel Core i3 1115G4,8.0,1024.0,15.6,Windows 11 OS
HP,34990,7th Gen AMD Ryzen 3 7320U,8.0,512.0,14.0,Windows 11 OS
Lenovo,57799,7th Gen AMD Ryzen 5 7530U,16.0,512.0,14.0,Windows 11 OS
Lenovo,65990,12th Gen Intel Core i5 1235U,8.0,512.0,15.6,Windows 11 OS
Lenovo,53990,12th Gen Intel Core i5 1235U,8.0,512.0,15.6,Windows 11 OS
Lenovo,49990,5th Gen AMD Ryzen 5  5600H,8.0,512.0,15.6,Windows 11 OS
MSI,171990,13th Gen Intel Core i7 13620H,16.0,1024.0,15.6,Windows 11 OS
HP,44990,13th Gen Intel Core i3 1315U,8.0,512.0,14.0,Windows 11 OS
HP,115990,13th Gen Intel Core i7 1355U,16.0,1024.0,15.6,Windows 11 OS
HP,50990,7th Gen AMD Ryzen 5 7520U,16.0,512.0,14.0,Windows 11 OS
HP,109990,13th Gen Intel Core i7 1355U,16.0,512.0,15.6,Windows 11 OS
Acer,29990,3rd Gen AMD Ryzen 5 3500U,8.0,256.0,14.0,Windows 11 OS
Asus,163999,7th Gen AMD Ryzen 9 7940HS,16.0,1024.0,14.0,Windows 11 OS
Asus,58990,11th Gen Intel Core i5 11400H ,8.0,1024.0,15.6,Windows 11 OS
Dell,83990,13th Gen Intel Core i7 1355U,16.0,512.0,14.0,Windows 11 OS
Dell,43890,5th Gen AMD Ryzen 5 5500U,8.0,512.0,15.6,Windows 11 OS
Ninkear,79999,7th Gen AMD Ryzen 7 7735HS,32.0,2048.0,16.0,Windows 11 OS
Lenovo,35490,11th Gen Intel Core i3 1115G4,8.0,512.0,15.6,Windows 11 OS
HP,137890,6th Gen AMD Ryzen 7 6800H,32.0,1024.0,15.6,Windows 11 OS
Dell,94990,12th Gen Intel Core i7 1255U,16.0,512.0,14.0,Windows 11 OS
Lenovo,67990,12th Gen Intel Core i5 12450H,16.0,512.0,15.6,Windows 11 OS
HP,46990,7th Gen AMD Ryzen 5 7520U,8.0,512.0,14.0,Windows 11 OS
Asus,94990,12th Gen Intel Core i7 12650H,16.0,512.0,16.0,Windows 11 OS
MSI,83500,10th Gen Intel Core i7 10750H ,8.0,512.0,17.3,Windows 10  OS
MSI,91990,12th Gen Intel Core i5 12450H,16.0,512.0,15.6,Windows 11 OS
MSI,111990,12th Gen Intel Core i7 12650H,16.0,512.0,15.6,Windows 11 OS
HP,67990,12th Gen Intel Core i5 1235U,16.0,512.0,15.6,Windows 11 OS
Lenovo,67999,12th Gen Intel Core i5 1235U,8.0,512.0,14.0,DOS OS
Lenovo,46200,12th Gen Intel Core i3 1215U,8.0,512.0,14.0,DOS OS
Dell,52998,12th Gen Intel Core i3 1215U,8.0,512.0,16.0,Windows 11  OS
Dell,45499,5th Gen AMD Ryzen 5 5500U,8.0,512.0,15.6,Windows 11 OS
Lenovo,49999,12th Gen Intel Core i3 1215U,8.0,512.0,14.0,Windows 11 OS
Acer,29980,Intel Core i3 N305,8.0,256.0,15.6,Windows 11 OS
Dell,57290,7th Gen Amd Ryzen 5 7530U,8.0,512.0,16.0,Windows 11 OS
HP,58990,11th Gen Intel Core i5 1155G7,8.0,512.0,14.0,Windows 11 OS
Razer,199990,7th Gen Amd Ryzen 9 7940HS,32.0,1024.0,14.0,Windows 11 OS
MSI,79990,7th Gen AMD Ryzen 7 7735HS,16.0,512.0,15.6,Windows 11 OS
MSI,78990,7th Gen AMD Ryzen 5 7535HS,16.0,512.0,15.6,Windows 11 OS
Acer,51990,13th Gen Intel Core i5 1335U,8.0,512.0,14.0,Windows 11 OS
MSI,104990,7th Gen AMD Ryzen 7 7735HS,16.0,1024.0,17.3,Windows 11 OS
MSI,104990,7th Gen AMD Ryzen 7  7735HS,16.0,1024.0,15.6,Windows 11 OS
Acer,39990,11th Gen Intel Core i5  1135G7,8.0,512.0,14.0,Windows 11 OS
MSI,59990,11th Gen Intel Core i7 11800H,16.0,512.0,15.6,Windows 11 OS
MSI,47990,11th Gen Intel Core i5 11260H,8.0,512.0,15.6,Windows 11 OS
Asus,47890,12th Gen Intel Core i5 1235U,8.0,512.0,15.6,Windows 11 OS
MSI,85490,7th Gen AMD Ryzen 5 7535HS,16.0,512.0,15.6,Windows 11 OS
MSI,94990,7th Gen AMD Ryzen 7  7735HS,16.0,1024.0,15.6,Windows 11 OS
MSI,95490,7th Gen AMD Ryzen 7 7735HS,16.0,1024.0,17.3,Windows 11 OS
HP,54999,12th Gen Intel Core i3 1215U,8.0,512.0,15.6,Windows 11 OS
Lenovo,159000,12th Gen Intel Core i7 1260P,16.0,512.0,14.0,Windows 11 OS
Dell,80610,12th Gen Intel Core i5 1240P,16.0,512.0,16.0,Windows 11  OS
MSI,77990,12th Gen Intel Core i5 1240P,8.0,512.0,13.3,Windows 11 OS
Dell,303490,13th Gen Intel Core i7 13700H,32.0,1024.0,17.0,Windows 11 OS
Dell,201990,13th Gen Intel Core i7 1360P,32.0,1024.0,13.4,Windows 11 OS
Dell,278290,13th Gen Intel Core i7 13700H,32.0,1024.0,15.6,Windows 11 OS
Lenovo,286200,13th Gen Intel Core i9 13900HX,32.0,1024.0,16.0,Windows 11 OS
Lenovo,157544,13th Gen Intel Core i5 13500H ,16.0,1024.0,16.0,Windows 11 OS
Lenovo,140990,7th Gen AMD Ryzen 7 7745HX,16.0,1024.0,16.0,Windows 11 OS
Lenovo,133000,12th Gen Intel Core i7 1255U,16.0,512.0,14.0,Windows 11 OS
Lenovo,72500,12th Gen Intel Core i5 1235U,8.0,512.0,14.0,DOS OS
LG,127000,13th Gen Intel Core i5 1340P,8.0,512.0,14.0,Windows 11 OS
LG,146990,13th Gen Intel Core i7 1360P,16.0,1024.0,17.0,Windows 11 OS
LG,142990,13th Gen Intel Core i7 1360P,16.0,1024.0,16.0,Windows 11 OS
LG,205000,13th Gen Intel Core i5 1340P,8.0,256.0,16.0,Windows 11 OS
LG,89799,7th Gen AMD Ryzen 7 7730U,16.0,512.0,16.0,Windows 11 OS
Lenovo,63999,12th Gen Intel Core i5 1235U,16.0,1024.0,14.0,Windows 11 OS
Dell,43490,5th Gen AMD Ryzen 5  5500u,8.0,512.0,15.6,Windows 11 OS
AXL,12990,Intel Celeron  N4020,4.0,128.0,14.1,Windows 11 OS
AXL,15990,Intel Celeron  N4020,4.0,256.0,15.6,Windows 11 OS
MSI,36990,12th Gen Intel Core i3 1215U,16.0,512.0,14.0,Windows 11 OS
Asus,63990,12th Gen Intel Core i5 12450H,16.0,512.0,14.0,Windows 11 OS
Lenovo,45990,12th Gen Intel Core i5 1235U,8.0,512.0,14.0,Windows 11 OS
Lenovo,34990,5th Gen AMD Ryzen 5 5500U,8.0,512.0,15.6,DOS OS
Lenovo,41490,5th Gen AMD Ryzen 5 5500U,8.0,512.0,15.6,Windows 11 OS
Asus,64990,5th Gen AMD Ryzen 7 5800H,16.0,512.0,15.6,Windows 11 OS
HP,57990,11th Gen Intel Core i5 11400H ,8.0,512.0,16.1,Windows 11 OS
Acer,54990,12th Gen Intel Core i5 12450H,16.0,512.0,15.6,Windows 11 OS
Dell,208990,13th Gen Intel Core i7 13620H,16.0,1024.0,14.0,Windows 11 OS
Asus,91560,13th Gen Intel Core i5 13500H,16.0,1024.0,15.6,Windows 11 OS
Lenovo,74000,11th Gen Intel Core i5 1135G7,16.0,512.0,14.0,Windows 11 OS
Lenovo,51999,12th Gen Intel Core i5 1235U,8.0,512.0,15.6,Windows 11 OS
Lenovo,31990,7th Gen AMD Ryzen 3 7320U,8.0,512.0,15.6,Windows 11 OS
Lenovo,32490,11th Gen Intel Core i3 1115G4,8.0,256.0,15.6,Windows 11 OS
Lenovo,74888,Intel Core i7,16.0,512.0,15.6,Windows 11 OS
HP,66500,11th Gen Intel Core i5 11400H ,8.0,512.0,16.1,Windows 11 OS
Dell,156799,13th Gen Intel Core i7 13650HX,16.0,1024.0,16.0,Windows 11 OS
Dell,166899,13th Gen Intel Core i7 13650HX,32.0,1024.0,16.0,Windows 11 OS
Dell,89990,13th Gen Intel Core i7 1355U,16.0,512.0,14.0,Windows 11 OS
HP,171499,13th Gen Intel 7 13700HX ,16.0,1024.0,17.3,Windows 11 OS
HP,29999,Intel Pentium Silver N6000,8.0,512.0,14.0,Windows 11 OS
Lenovo,35998,11th Gen Intel Core i3 1115G4,8.0,512.0,15.6,Windows 11 OS
Dell,44989,13th Gen Intel Core i3 1305U,8.0,512.0,15.6,Windows 11 OS
Acer,34990,12th Gen Intel Core i3 1215U,8.0,512.0,15.6,Windows 11 OS
Infinix,48990,11th Gen Intel Core i7 1195G7,16.0,512.0,14.0,Windows 11 OS
Dell,72990,13th Gen Intel Core i5 1335U,8.0,512.0,14.0,Windows 11 OS
Dell,71570,13th Gen Intel Core i5 1335U,16.0,512.0,14.0,Windows 11 OS
HP,74990,5th Gen AMD Ryzen 7 5800H,16.0,512.0,15.6,Windows 11 OS
Asus,25990,Intel Celeron N4020,8.0,256.0,15.6,Windows 11 OS
HP,46490,5th Gen AMD Ryzen 7 5800U,8.0,512.0,14.0,DOS OS
Dell,64590,13th Gen Intel Core i5 1335U,8.0,512.0,14.0,Windows 11 OS
Dell,63990,13th Gen Intel Core i5 1335U,8.0,512.0,15.6,Windows 11 OS
MSI,247999,13th Gen Intel Core i9 13900H,32.0,1024.0,17.0,Windows 11 OS
Dell,93990,13th Gen Intel Core i5 1335U,8.0,512.0,16.0,Windows 11 OS
HP,51990,5th Gen AMD Ryzen 5 5600H,8.0,512.0,15.6,Windows 11 OS
Asus,47990,7th Gen AMD Ryzen 5 7530U,8.0,512.0,16.0,Windows 11 OS
Lenovo,34390,12th Gen Intel Core i3 1215U,8.0,512.0,14.0,DOS OS
Acer,50990,12th Gen Intel Core i5 12450H,8.0,512.0,15.6,Windows 11 OS
HP,28490,Intel Celeron  N4500,8.0,512.0,15.0,Windows 11  OS
MSI,79990,12th Gen Intel Core i7 12650H,8.0,512.0,15.6,Windows 11 OS
MSI,79990,12th Gen Intel Core i5 12450H,16.0,1024.0,15.6,Windows 11 OS
Acer,29990,3rd Gen AMD Ryzen 5 3500U,8.0,512.0,14.0,Windows 11 OS
HP,59990,5th Gen AMD Ryzen 5 5600H,8.0,512.0,15.6,Windows 11 OS
Acer,107399,7th Gen AMD Ryzen 7040 Series 040,16.0,1024.0,16.0,Windows 11 OS
Dell,129199,13th Gen Intel Core i7 13650HX,16.0,512.0,15.6,Windows 11 OS
Dell,119990,13th Gen Intel Core i7 13650HX,16.0,512.0,15.6,Windows 11 OS
Dell,187490,13th Gen Intel Core i9 13900HX ,16.0,1024.0,16.0,Windows 11 OS
Dell,125699,13th Gen Intel Core i7 13650HX,16.0,512.0,15.6,Windows 11 OS
Acer,49990,13th Gen Intel Core i3 1315U,16.0,512.0,14.0,Windows OS
Acer,56990,13th Gen Intel Core i5 1335U,16.0,512.0,15.6,Windows 11 OS
Asus,44990,13th Gen Intel Core i3 1315U,8.0,512.0,15.6,Windows 11 OS
Asus,110000,6th Gen AMD Ryzen 7 6800H,16.0,1024.0,15.6,Windows 11  OS
Asus,189990,7th Gen AMD Ryzen 9 7940HS,32.0,1024.0,14.0,Windows 11 OS
Asus,129990,13th Gen Intel Core i7 13700H,16.0,512.0,15.6,Windows 11 OS
Asus,131990,7th Gen AMD Ryzen 9 7940HS,16.0,1024.0,15.6,Windows 11 OS
